{"cameraMode":{"drawMode":0,"name":"Shaded","section":"Shading Mode"},"sceneLighting":false,"audioPlay":false,"sceneViewState":{"showFog":true,"showMaterialUpdate":false,"showSkybox":false,"showFlares":true,"showImageEffects":true,"showParticleSystems":true},"in2DMode":false,"pivot":{"x":1.301411509513855,"y":3.31766939163208,"z":-6.680793762207031},"rotation":{"x":0.19276544451713563,"y":-0.4502333402633667,"z":0.10021070390939713,"w":0.8660920262336731},"size":3.7550759315490724,"orthographic":false}