{"cameraMode":{"drawMode":0,"name":"Shaded","section":"Shading Mode"},"sceneLighting":false,"audioPlay":false,"sceneViewState":{"showFog":true,"showMaterialUpdate":false,"showSkybox":false,"showFlares":true,"showImageEffects":true,"showParticleSystems":true},"in2DMode":false,"pivot":{"x":2.2103230953216554,"y":4.71727180480957,"z":-5.289340019226074},"rotation":{"x":-0.04337186738848686,"y":-0.6893579363822937,"z":0.041408367455005649,"w":-0.721950888633728},"size":1.5889880657196046,"orthographic":false}