{"cameraMode":{"drawMode":0,"name":"Shaded","section":"Shading Mode"},"sceneLighting":false,"audioPlay":false,"sceneViewState":{"showFog":true,"showMaterialUpdate":false,"showSkybox":false,"showFlares":true,"showImageEffects":true,"showParticleSystems":true},"in2DMode":false,"pivot":{"x":1.507368564605713,"y":3.7426466941833498,"z":-3.897616386413574},"rotation":{"x":0.044992201030254367,"y":-0.7843336462974548,"z":0.05614696443080902,"w":0.6163593530654907},"size":2.824343204498291,"orthographic":false}